country,year,population,rates of suicide per 100k,suicides/100k pop,HDI for year,gdp_for_year ($),gdp_per_capita ($),average annual hours worked
Australia,2000,1430700,13.3766653,32.57,0.838,415034227218.00,23219,1779.7
Australia,2001,1427829,13.556979,34.25,0.849,378215090694.00,20860,1746.4
Australia,2002,1433165,12.62380337,31.54,0.838,394486709920.00,21474,1741.9
Australia,2003,1437607,11.58639639,27.41,0.842,466294700058.00,25059,1734.9
Australia,2004,1441319,11.21214714,26.78,0.849,611904253806.00,32454,1733.64
Australia,2006,2894571,11.07840676,23.7,0.911,745521862833.00,39014,1721.7
Australia,2007,1470431,11.2949804,23.19,0.915,851962785585.00,43171,1722.6
Australia,2008,3015761,11.63500844,25.37,0.92,1052584601611.00,52315,1720.8
Australia,2009,3051649,11.38372017,24.74,0.921,926448240318.00,45128,1692.1
Australia,2010,3076853,11.60808032,26.52,0.923,1144260547873.00,54887,1699.7
Australia,2011,588053,11.45489086,24.83,0.925,1394280784778.00,66770,1699.2
Australia,2012,606842,12.14751662,26.04,0.929,1543411012580.00,72669,1691.9
Australia,2013,627275,12.07397346,25.51,0.931,1573696522007.00,72856,1689.6
Australia,2014,3130341,13.18430523,27.66,0.933,1464955475994.00,66809,1682.7
Australia,2015,3149299,13.61013112,29.97,0.936,1349034029453.00,60656,1682.9
Austria,2000,172839,20.91655336,99.51,0.838,196799778883.00,25922,1681
Austria,2001,180006,19.50341604,83.89,0.849,197337879195.00,25848,1669
Austria,2002,187295,20.21303208,99.84,0.838,213377771504.00,27772,1666
Austria,2003,193846,18.85513828,91.31,0.842,261695778781.00,33889,1658
Austria,2004,201792,18.29384783,93.66,0.849,300904221505.00,38711,1660
Austria,2005,210054,17.87297311,79.03,0.855,315974418605.00,40367,1638
Austria,2006,218168,16.48183586,78.38,0.861,335998557270.00,42698,1622
Austria,2007,225285,16.27144158,75.46,0.881,388691445387.00,49218,1612
Austria,2008,231083,15.98686125,86.55,0.884,430294287388.00,54294,1605
Austria,2009,235822,16.08175471,79.3,0.886,400172297861.00,50356,1564
Austria,2010,240431,15.86261569,74.87,0.895,391892746545.00,49181,1557
Austria,2011,245207,16.10977461,79.93,0.897,431120310089.00,53923,1562
Austria,2012,250032,15.88788631,75.59,0.899,409425234155.00,50979,1540
Austria,2013,255540,15.97848412,86.48,0.897,430068712972.00,53229,1525
Austria,2014,269625,16.14019615,76.4,0.901,441885415806.00,54278,1516
Austria,2015,290329,15.22011498,73.71,0.903,382065930308.00,46484,1500
Belgium,2000,261961,22.15210318,67.19,0.873,237904919845.00,24592,1595
Belgium,2001,271676,22.29647515,62.94,0.876,237841968680.00,24494,1588
Belgium,2002,280663,21.27360874,61.64,0.879,258860436665.00,26526,1583
Belgium,2003,289022,21.32776398,61.93,0.882,319002821670.00,32538,1578
Belgium,2004,297919,20.17664055,52.7,0.885,370885026074.00,37661,1573
Belgium,2005,308369,20.49285053,55.13,0.889,387365750529.00,39124,1565
Belgium,2006,319905,19.42244182,44.39,0.896,409813197842.00,41135,1572
Belgium,2007,331504,18.51396563,49.17,0.899,471821105940.00,47040,1577
Belgium,2008,341406,19.79041368,50.97,0.899,518625897173.00,51345,1570
Belgium,2009,349801,19.78696137,49.46,0.899,484552792442.00,47630,1548
Belgium,2010,354037,19.71370375,51.69,0.903,483548031197.00,47355,1546
Belgium,2011,361243,20.16392654,54.26,0.904,527008453887.00,50893,1560
Belgium,2012,369145,933081.564,51.74,0.905,497884216569.00,47678,1560
Belgium,2013,378864,18.00278525,48.3,0.908,520925468953.00,49489,1558
Belgium,2014,387814,17.95091488,48.22,0.909,530770977634.00,50173,1545
Belgium,2015,392775,17.57282983,45.06,0.913,455039563133.00,42830,1545
Canada,2000,4840239,12.43081138,25.91,0.867,742293448253.00,25589,1779
Canada,2001,4892041,12.62385707,27.53,0.867,736379777893.00,25165,1771
Canada,2002,4926984,12.31356171,26.22,0.872,757950678647.00,25570,1754
Canada,2003,4950960,12.56724519,26.6,0.877,892380986368.00,29787,1746
Canada,2004,4982932,11.93040568,24.28,0.882,1023196003075.00,33787,1759
Canada,2005,5018957,12.2331895,26.72,0.887,1169357979865.00,38218,1747
Canada,2006,5050497,11.36460641,23.8,0.892,1315415197461.00,42566,1745
Canada,2007,5064536,11.55792545,24.17,0.895,1464977190206.00,46890,1741
Canada,2008,5076969,11.72889964,24.44,0.897,1549131208997.00,49041,1735
Canada,2009,5085328,12.18009368,26.11,0.899,1371153004986.00,42933,1701
Canada,2010,5088099,12.23744926,25.39,0.899,1613464422811.00,49974,1703
Canada,2011,5074280,11.43017698,22.21,0.902,1788647906048.00,54841,1700
Canada,2012,5056024,11.91097556,23.83,0.905,1824288757448.00,55347,1713
Canada,2013,5032714,12.16875268,24.72,0.908,1842628005830.00,55310,1711
Chile,2000,162328,10.56400529,40.66,0.759,77860932152.00,5584,2263
Chile,2001,170681,11.49255389,29.88,0.766,70979923960.00,5020,2242
Chile,2002,178855,11.18410587,34.66,0.768,69736811435.00,4866,2250
Chile,2003,186783,11.38823712,36.41,0.774,75643459840.00,5208,2235
Chile,2004,194364,11.79390134,36.01,0.783,99210392858.00,6744,2232
Chile,2005,201597,11.29346119,34.23,0.788,122964812046.00,8256,2157
Chile,2006,210746,11.9098203,38.91,0.788,154788024806.00,10270,2165
Chile,2007,219367,12.12166134,28.72,0.795,173605968179.00,11387,2128
Chile,2008,227419,13.54466734,32.54,0.806,179638496279.00,11653,2095
Chile,2009,234780,13.78323577,37.48,0.804,172389498445.00,11062,2074
Chile,2010,2329802,12.26919741,26.05,0.808,218537551220.00,13874,2070
Chile,2011,250197,12.73978785,35.57,0.814,252251992029.00,15854,2047
Chile,2012,258082,11.45239013,39.13,0.819,267122320057.00,16617,2024
Chile,2013,265665,10.70049188,30.87,0.828,278384332694.00,17140,2015
Chile,2014,273608,10.90397088,33.62,0.833,260584090571.00,15883,1990
Chile,2015,282308,11.09519807,41.44,0.84,243999477738.00,14729,1988
Costa Rica,2000,35531,6.767813863,16.89,0.711,14949514585.00,4233,2362
Costa Rica,2001,37569,5.489554598,18.63,0.714,15913363335.00,4412,2329
Costa Rica,2002,39629,7.472070758,20.19,0.717,16504795453.00,4485,2357
Costa Rica,2003,41697,8.39581105,31.18,0.721,17195867540.00,4583,2350
Costa Rica,2004,518436,8.505945132,20.06,0.725,18529767934.00,4850,2369
Costa Rica,2005,530417,6.997511767,18.48,0.728,19952156475.00,5133,2352
Costa Rica,2006,541859,8.851983704,22.7,0.734,22600431878.00,5716,2360
Costa Rica,2007,552299,6.724378437,16.3,0.742,26743874206.00,6661,2387
Costa Rica,2008,562044,6.408743786,17.97,0.75,30612932876.00,7517,2392
Costa Rica,2009,362045,6.733747386,16.57,0.752,30562361123.00,7403,2348
Costa Rica,2010,371498,7.431900729,19.92,0.754,37268635287.00,8906,2243.1
Costa Rica,2011,379928,7.460723775,18.95,0.76,42262697840.00,9978,2285.3
Costa Rica,2012,598555,7.039282459,15.7,0.772,46473128286.00,10832,2233.4
Costa Rica,2013,395371,7.153982456,18.97,0.776,49745088112.00,11443,2140.6
Costa Rica,2014,323941,6.085827425,14.2,0.78,50577769838.00,11485,2121.7
Czech Republic,2000,187872,16.79270189,72.92,0.796,61649492817.00,6278,1896
Czech Republic,2001,191730,16.49711636,74.06,0.806,67523642262.00,6863,1818
Czech Republic,2002,196619,15.72935986,71.2,0.813,81910771994.00,8399,1816
Czech Republic,2003,202317,17.63339163,78.1,0.822,99627140274.00,10220,1806
Czech Republic,2004,208455,16.24148284,58.05,0.825,119162172468.00,12226,1817
Czech Republic,2005,215366,16.0319894,52.47,0.835,136280689891.00,13961,1817
Czech Republic,2006,222276,14.31446152,56.24,0.843,155463807113.00,15896,1799
Czech Republic,2007,229015,14.04520846,47.6,0.85,189227050760.00,19273,1784
Czech Republic,2008,235750,13.92986419,58.11,0.854,235718586901.00,23811,1790
Czech Republic,2009,240265,14.73221334,56.19,0.857,206179982164.00,20748,1779
Czech Republic,2010,243211,15.10265229,47.28,0.862,207477857919.00,20862,1800
Czech Republic,2011,246004,16.05036301,47.97,0.865,227948349666.00,23010,1806
Czech Republic,2012,248952,16.70844281,58.65,0.865,207376427021.00,20898,1776
Czech Republic,2013,252532,15.87033224,51.08,0.874,209402444996.00,21073,1763
Czech Republic,2014,257383,15.97649012,47.79,0.879,207818330724.00,20859,1777
Czech Republic,2015,264401,13.88482205,54.84,0.882,186829940546.00,18703,1756
Denmark,2000,138454,14.56404881,52,0.863,164158800460.00,32841,1466
Denmark,2001,139637,14.48654176,58.72,0.876,164791416350.00,32837,1469
Denmark,2002,140549,13.64748468,54.79,0.883,178635160297.00,35435,1463
Denmark,2003,141062,12.5178399,51.75,0.894,218095997085.00,43129,1458
Denmark,2004,142305,13.02995292,48.49,0.898,251373036671.00,49552,1458
Denmark,2005,143327,12.39721705,57.91,0.903,264467308109.00,51960,1451
Denmark,2006,144928,12.7190116,54.51,0.905,282884912894.00,55354,1456
Denmark,2007,146309,11.31891461,40.33,0.904,319423370134.00,62229,1433
Denmark,2008,147834,11.68033085,41.94,0.909,353361056080.00,68447,1430
Denmark,2009,150153,11.97814662,42.62,0.906,321241396034.00,61863,1417
Denmark,2010,153231,10.79001914,39.81,0.91,321995350347.00,61711,1422
Denmark,2011,156856,11.23156279,30.6,0.922,344003209696.00,65598,1437
Denmark,2012,161259,12.5414118,41.55,0.924,327148899962.00,62071,1423
Denmark,2013,166011,11.51008982,37.35,0.931,343584385594.00,64831,1426
Denmark,2014,172150,11.78086615,35.43,0.928,352993633221.00,66114,1414
Denmark,2015,178633,10.47731216,31.91,0.926,301298464861.00,55972,1407
Estonia,2000,19265,28.25716267,98.62,0.78,5685774809.00,4262,1909
Estonia,2001,185880,30.25022442,72.63,0.79,6245069734.00,4711,1902
Estonia,2002,21135,28.17671586,80.44,0.799,7322069511.00,5561,1904
Estonia,2003,22380,26.1635913,84.9,0.806,9833870709.00,7523,1910
Estonia,2004,116415,24.89114939,62.71,0.814,12059201242.00,9293,1918
Estonia,2005,181315,21.18750946,53.5,0.825,14006088297.00,10870,1939
Estonia,2006,25870,19.31324599,54.12,0.832,16963625016.00,13264,1932
Estonia,2007,26860,20.84501194,78.18,0.839,22237061730.00,17504,1929
Estonia,2008,27640,19.14549389,65.12,0.841,24194039256.00,19141,1900
Estonia,2009,118960,21.36599392,55.48,0.839,19652492637.00,15609,1769
Estonia,2010,28755,17.77990392,62.6,0.845,19490936349.00,15540,1810
Estonia,2011,29683,17.44799816,70.75,0.853,23170239901.00,18545,1852
Estonia,2012,30891,18.93529323,64.74,0.859,23043864510.00,18411,1820
Estonia,2013,32101,17.53685958,71.65,0.862,25137153149.00,20221,1801
Estonia,2014,33259,19.40649933,78.17,0.864,26224622451.00,21117,1795
Estonia,2015,34253,15.68217459,58.39,0.866,22566956982.00,18149,1788
Finland,2000,806796,23.8640507,49.83,0.858,125539893127.00,25716,1663
Finland,2001,800866,24.57652946,53.57,0.864,129250111857.00,26383,1644
Finland,2002,113353,22.27595576,50.29,0.867,139552983249.00,28390,1636
Finland,2003,783442,21.80591076,47.99,0.87,171071106095.00,34701,1628
Finland,2004,533983,21.5177061,41.2,0.891,196768065557.00,39793,1629
Finland,2005,129632,20.03311712,49.37,0.895,204436015421.00,41202,1620
Finland,2006,752178,21.32641463,41.21,0.899,216552502823.00,43487,1616
Finland,2007,140553,19.90456611,41.27,0.901,255384615385.00,51089,1614
Finland,2008,732583,20.57729573,45.18,0.904,283742493042.00,56521,1608
Finland,2009,724700,20.50644981,40.43,0.899,251499027508.00,49878,1585
Finland,2010,351262,18.84074515,33.88,0.903,247799815768.00,48939,1592
Finland,2011,158719,17.93162976,40.32,0.907,273674236773.00,53809,1587
Finland,2012,711920,17.08264439,33.01,0.908,256706466091.00,50232,1575
Finland,2013,353828,17.27215602,37.02,0.912,269980111643.00,52572,1565
Finland,2014,175827,15.29086362,34.69,0.914,272609288690.00,52832,1562
Finland,2015,178936,14.10707521,29.62,0.915,232464833066.00,44862,1563
France,2000,1531239,19.62993741,86.6,0.849,1362248940483.00,24648,1558
France,2001,1585654,18.82320405,76.06,0.851,1376465324385.00,24796,1538
France,2002,1639346,19.0272667,72.53,0.853,1494286655374.00,26714,1504
France,2003,1693303,19.28836491,75.83,0.857,1840480812641.00,32656,1507
France,2004,1750685,19.01646572,70.43,0.86,2115742488205.00,37240,1531
France,2005,1808791,18.7419021,73.25,0.869,2196126103718.00,38420,1532
France,2006,1873693,18.02524804,67.89,0.874,2318593651988.00,40097,1515
France,2007,1932659,17.41021212,68.04,0.876,2657213249384.00,45682,1537
France,2008,1985275,17.70259023,67.8,0.878,2918382891460.00,49901,1543
France,2009,2035007,17.86433576,66.39,0.878,2690222283968.00,45775,1531
France,2010,2081818,17.57476,65.04,0.882,2642609548930.00,44747,1540
France,2011,2127014,17.53823003,66.9,0.884,2861408170265.00,48217,1546
France,2012,2168819,16.33677411,65.24,0.886,2683825225093.00,45002,1541
France,2013,2201053,16.0240176,60.97,0.889,2811077725704.00,46922,1526
France,2014,2243922,14.73390201,59,0.894,2852165760630.00,47318,1518
Germany,2000,1738251,14.15223366,61.5,0.868,1949953934034.00,24922,1452
Germany,2001,1813475,14.23971488,60.99,0.877,1950648769575.00,24874,1441.9
Germany,2002,1898834,14.21272293,60.41,0.883,2079136081310.00,26441,1430.9
Germany,2003,2000255,14.16391729,59.34,0.889,2505733634312.00,31816,1424.8
Germany,2004,2112661,13.6286674,55.76,0.897,2819245095605.00,35772,1422.2
Germany,2005,2225555,13.02452336,52.12,0.903,2861410272354.00,36289,1411.3
Germany,2006,2328668,12.40025973,49.81,0.911,3002446368084.00,38088,1424.7
Germany,2007,2417463,11.9439044,47.28,0.915,3439953462907.00,43667,1424.4
Germany,2008,2496685,12.02474527,46.02,0.917,3752365607148.00,47702,1418.4
Germany,2009,2599960,12.21054264,46.5,0.917,3418005001389.00,43570,1372.7
Germany,2010,2742959,12.80168403,46.56,0.921,3417094562649.00,43614,1389.9
Germany,2011,2900218,12.95502401,47.38,0.926,3757698281118.00,47947,1392.8
Germany,2012,3062435,12.60506637,46.69,0.928,3543983909148.00,45142,1375
Germany,2013,3115267,13.05923512,48.73,0.928,3752513503278.00,48563,1362.1
Germany,2014,3300059,13.17432353,48.73,0.93,3890606893347.00,50167,1367.6
Germany,2015,3487628,12.9107093,49.58,0.933,3375611100742.00,43201,1367.8
Greece,2000,283073,3.671996862,10.6,0.796,130133845771.00,12509,2016
Greece,2001,292868,3.198765238,10.24,0.806,136191353468.00,13043,2010
Greece,2002,310058,3.081459772,10.97,0.818,153830947017.00,14676,2002
Greece,2003,326673,3.566108278,10.1,0.825,201924270316.00,19202,2001
Greece,2004,343019,3.346831271,13.7,0.835,240521260988.00,22804,1992
Greece,2005,362707,3.779712319,15.16,0.845,247783001865.00,23414,2044
Greece,2006,383580,3.710368625,15.64,0.851,273317737047.00,25739,2033
Greece,2007,1149577,3.078774096,6.52,0.849,318497936901.00,29896,2019
Greece,2008,415580,3.490312231,13.23,0.857,354460802549.00,33168,2015
Greece,2009,434778,3.647518037,11.27,0.858,330000252153.00,30785,1991
Greece,2010,453020,3.511751419,12.14,0.856,299361576558.00,27886,1932
Greece,2011,467986,4.446008677,11.11,0.852,287797822093.00,26825,1949
Greece,2012,467292,4.819824889,13.48,0.854,245670666639.00,23309,1966
Greece,2013,1144571,5.109627391,12.32,0.856,239862011450.00,22994,1970
Greece,2014,487215,5.442873097,14.57,0.864,237029579261.00,22834,1933
Greece,2015,495592,5.120369333,14.12,0.866,195541761243.00,18927,1943
Hungary,2000,188686,34.31288269,144.15,0.769,47310623887.00,4966,1845
Hungary,2001,205366,30.6864849,134.39,0.777,53821315066.00,5546,1809
Hungary,2002,209732,29.32801552,121.11,0.784,67716887203.00,6995,1820
Hungary,2003,213793,29.00792984,110.39,0.792,85324771841.00,8840,1795
Hungary,2004,218145,28.47339015,120.1,0.795,104066609518.00,10806,1802
Hungary,2005,222774,27.25585946,120.75,0.804,113035361317.00,11764,1803
Hungary,2006,227029,25.65917813,89.86,0.811,115295199392.00,12021,1800
Hungary,2007,230464,25.59297887,109.34,0.813,139850794387.00,14609,1795
Hungary,2008,233660,25.91914566,112.56,0.818,157998423132.00,16540,1798
Hungary,2009,236367,25.80175005,90.54,0.818,130593960612.00,13697,1781
Hungary,2010,238269,26.16143254,101.57,0.823,130922638689.00,13761,1777
Hungary,2011,239506,25.48706895,83.51,0.827,140782064609.00,14827,1769.8
Hungary,2012,232766,24.84877842,100.1,0.83,127856647108.00,13525,1750
Hungary,2013,234783,22.17548739,85.61,0.835,135215704419.00,14333,1744.6
Hungary,2014,237767,20.45090148,75.28,0.833,140118140455.00,14886,1751.6
Hungary,2015,241730,19.89452282,91.42,0.834,122879042002.00,13087,1748.9
Iceland,2000,20851,19.25127925,62.35,0.86,8927140438.00,34372,2040.1
Iceland,2001,21707,13.64991014,36.85,0.866,8136345144.00,30850,2053.2
Iceland,2002,20997,11.25893678,33.34,0.875,9207689916.00,34556,2011.8
Iceland,2003,21464,9.689561361,27.95,0.881,11316441660.00,42174,1971.9
Iceland,2004,6720,12.88716733,44.64,0.885,13722824251.00,50528,1979.6
Iceland,2005,21570,12.00309898,27.82,0.889,16691490114.00,60712,1970
Iceland,2006,22771,11.30746045,26.35,0.891,17048647568.00,60243,1957.6
Iceland,2007,7454,12.77130392,40.25,0.897,21319946740.00,73590,1931.6
Iceland,2008,25539,12.80168174,27.41,0.89,17658408759.00,59489,1933.8
Iceland,2009,26267,12.1537859,38.07,0.89,12944114736.00,43700,1848.7
Iceland,2010,7930,15.61333243,37.83,0.891,13310567803.00,45179,1833.6
Iceland,2011,23085,9.13782892,21.66,0.901,14732689535.00,49861,1878.4
Iceland,2012,22931,12.44793734,30.53,0.909,14292008745.00,48083,1853.4
Iceland,2013,8368,16.30854435,59.75,0.92,15548321544.00,51749,1846.1
Iceland,2014,8491,14.45124675,58.89,0.925,17304033021.00,56833,1864.1
Iceland,2015,24116,12.96369517,29.03,0.927,16942247374.00,54909,1879.5
Ireland,2000,283528,13.14080586,34.92,0.857,99853528653.00,28340,1826
Ireland,2001,295410,13.65426833,35.21,0.863,109133512304.00,30536,1818
Ireland,2002,308477,12.33661201,32.42,0.871,127945379258.00,35154,1800
Ireland,2003,325589,12.28993749,28.56,0.88,164285112867.00,44473,1783
Ireland,2004,539660,12.36450013,28.17,0.89,193870350137.00,51662,1772
Ireland,2005,344139,11.76514475,24.99,0.896,211650764830.00,55213,1780
Ireland,2006,321007,11.47913768,27.1,0.902,232085535065.00,58941,1776
Ireland,2007,320350,11.37405826,23.72,0.908,269917519847.00,67032,1763
Ireland,2008,394740,12.35897095,25.33,0.908,275020023436.00,67173,1743
Ireland,2009,390586,12.79850945,28.67,0.906,236311336482.00,57390,1713
Ireland,2010,644763,11.39545828,25.75,0.909,221951354762.00,52042,1702
Ireland,2011,635771,13.1315437,30.04,0.895,239018536582.00,56655,1702
Ireland,2012,641319,12.8411493,29.94,0.902,225571853194.00,53443,1707
Ireland,2013,648165,11.52014322,26.07,0.911,239389340720.00,56628,1720
Ireland,2014,675986,11.22909361,24.41,0.921,258099014042.00,59634,1731
Israel,2000,110539,6.981741682,35.28,0.853,132339311284.00,23451,2017
Israel,2001,113986,6.888832078,33.34,0.857,130706147871.00,22623,1979
Israel,2002,117146,6.479509484,23.9,0.865,121069378150.00,20536,1993
Israel,2003,120134,6.946379778,23.31,0.865,126864966909.00,21133,1974
Israel,2004,123028,6.726753543,24.38,0.868,135445033199.00,22168,1942
Israel,2005,126420,6.831851732,27.69,0.872,142462925574.00,22901,1931
Israel,2006,129698,5.793683307,16.96,0.872,153966916311.00,24306,1919
Israel,2007,132434,5.055193094,21.9,0.881,178706717753.00,27712,1931
Israel,2008,135142,5.391737117,31.82,0.88,215840354627.00,32874,1929
Israel,2009,141368,6.001335446,16.27,0.882,207419370241.00,30812,1927
Israel,2010,145554,7.007478293,27.48,0.887,233609522091.00,34104,1918
Israel,2011,150875,5.866747376,29.16,0.892,261628548084.00,37528,1920
Israel,2012,154818,6.060298561,21.32,0.893,257296579579.00,36263,1910
Israel,2013,160074,5.148070691,21.24,0.895,292489185194.00,40477,1867
Israel,2014,925543,4.860238293,13.51,0.899,308416982140.00,41869,1853
Israel,2015,168826,4.550183737,17.77,0.901,299093839690.00,39793,1858
Italy,2000,1616673,7.565524384,34.45,0.83,1141759996315.00,21027,1850.8
Italy,2001,1675192,7.417108202,33.43,0.837,1162317852349.00,21392,1837.8
Italy,2002,1761131,7.462379721,31.91,0.842,1266510634293.00,23227,1826.6
Italy,2003,1829091,7.417510458,33.46,0.847,1569649661400.00,28572,1815.8
Italy,2004,1875176,7.248833731,31.68,0.852,1798314750435.00,32704,1815.3
Italy,2005,1945546,6.77350167,26.32,0.857,1852661982341.00,33536,1812.1
Italy,2006,2033182,6.585894879,29.26,0.862,1942633797516.00,34578,1812.6
Italy,2007,2102301,6.639735649,28.35,0.866,2203053380783.00,38935,1818.2
Italy,2008,2165568,6.847942438,26.27,0.868,2390729163615.00,41935,1807
Italy,2009,2229662,6.929159889,27.58,0.868,2185160183384.00,38101,1775.7
Italy,2010,2295316,6.92080028,25.75,0.87,2125058244243.00,36869,1777.3
Italy,2011,2321431,7.33614038,28.6,0.875,2276292404601.00,40210,1773.3
Italy,2012,2382354,7.495366897,25.35,0.874,2072823157060.00,36497,1734.2
Italy,2013,2471260,7.460437379,25.29,0.876,2130491320659.00,37050,1719.51
Italy,2014,2566489,7.137610585,26.11,0.874,2151732868243.00,37035,1717.14
Italy,2015,2646587,6.861937423,25.28,0.876,1832868490534.00,31537,1718
Japan,2000,14034032,25.04245,56.92,0.855,4887519660745.00,40813,1821
Japan,2001,14064000,24.26332184,54.68,0.859,4303544259843.00,35843,1809
Japan,2002,14446000,24.72356039,55.07,0.862,4115116279070.00,34239,1798
Japan,2003,14889000,26.48033556,56.48,0.865,4445658071222.00,36926,1799
Japan,2004,15316000,24.92448133,51.55,0.869,4815148854362.00,39960,1787
Japan,2005,15797130,25.16959015,50.67,0.873,4755410630912.00,39412,1775
Japan,2006,16002000,24.66322016,49.5,0.877,4530377224970.00,37534,1784
Japan,2007,16130000,25.40512328,50.74,0.88,4515264514431.00,37408,1785
Japan,2008,16197000,24.93573904,48.74,0.881,5037908465114.00,41773,1771
Japan,2009,16224000,25.33113132,49.2,0.88,5231382674594.00,43415,1714
Japan,2010,16402437,24.2810729,45.52,0.885,5700098114744.00,47059,1733
Japan,2011,16343000,23.7879051,41.96,0.89,6157459594824.00,50919,1728
Japan,2012,5783000,21.81471818,39.11,0.895,6203213121334.00,51379,1745
Japan,2013,5964000,21.56678892,39.6,0.899,5155717056271.00,42781,1734
Japan,2014,6104000,20.25125962,36.93,0.903,4850413536038.00,40328,1729
Japan,2015,6289365,19.18317649,36.52,0.905,4394977752878.00,36510,1719
Latvia,2000,31135,33.88924905,118.84,0.728,7937758980.00,3494,1775
Latvia,2001,199825,31.57575036,82.57,0.745,8350252966.00,3724,1785
Latvia,2002,303155,30.2553552,75.54,0.76,9546441564.00,4311,1741
Latvia,2003,35172,27.57725169,96.67,0.774,11748433157.00,5364,1732
Latvia,2004,36908,26.02292513,75.86,0.788,14373269156.00,6644,1687
Latvia,2005,295853,26.38187958,61.52,0.802,16922504045.00,7916,1712
Latvia,2006,40228,23.02366426,69.6,0.809,21447021570.00,10139,1713
Latvia,2007,41634,21.63449829,93.67,0.818,30901399261.00,14758,1687
Latvia,2008,42462,25.48936436,80.07,0.821,35596016664.00,17217,1799
Latvia,2009,42997,25.41476302,69.77,0.818,26169854045.00,12890,1754
Latvia,2010,43667,22.03323497,57.25,0.816,23757368290.00,11951,1738
Latvia,2011,44766,22.52239571,78.18,0.821,28223552825.00,14447,1753
Latvia,2012,275218,22.98706563,59.59,0.824,28119996053.00,14558,1738
Latvia,2013,48030,20.02652076,64.54,0.833,30254677297.00,15820,1732
Latvia,2014,49779,20.168518,58.26,0.838,31335013752.00,16544,1741
Latvia,2015,51293,20.63425542,64.34,0.841,26972863394.00,14382,1708
Lithuania,2000,451103,49.19874816,131.9,0.756,11539211480.00,3481,1610
Lithuania,2001,453841,46.53721247,123.17,0.768,12252498921.00,3719,1597
Lithuania,2002,456468,47.36618366,134.29,0.779,14278357284.00,4360,1572
Lithuania,2004,457735,42.81766284,107.27,0.791,22649930576.00,7028,1558
Lithuania,2005,271641,41.54686638,106.39,0.798,26125575942.00,8229,1638
Lithuania,2006,269578,33.55976309,88.29,0.809,30216060233.00,9667,1639
Lithuania,2007,267333,33.19443486,82.29,0.817,39738180077.00,12869,1635
Lithuania,2008,444829,36.38142668,90.15,0.825,47850551149.00,15669,1660
Lithuania,2009,440281,37.72587873,97.21,0.831,37440673478.00,12412,1686
Lithuania,2010,262907,34.51155137,83.3,0.822,37120517694.00,12584,1625
Lithuania,2011,420391,35.34961569,83.02,0.824,43476873413.00,15097,1643
Lithuania,2012,413107,32.66649517,77.7,0.828,42848195256.00,15099,1621
Lithuania,2013,405191,38.65850361,94.28,0.831,46417340375.00,16538,1620
Lithuania,2014,78763,33.43427128,91.41,0.836,48516371721.00,17442,1606
Lithuania,2015,79672,32.53536951,84.09,0.851,41508609233.00,15073,1599
Lithuania,2016,80426,33.61556229,96.98,0.852,42773029835.00,15742,1622
Luxembourg,2000,8005,15.11590486,87.45,0.855,21263514833.00,51841,1603
Luxembourg,2001,8307,17.63583215,60.19,0.861,21272418792.00,51391,1585
Luxembourg,2002,38724,20.32977283,69.72,0.863,23616328816.00,56484,1581
Luxembourg,2003,9133,11.33000042,65.7,0.864,29557325056.00,69768,1579
Luxembourg,2004,9641,14.41431388,62.23,0.872,34685281848.00,80639,1578
Luxembourg,2005,10242,11.20414874,68.35,0.878,37347394603.00,85397,1550
Luxembourg,2006,10878,14.61261946,73.54,0.881,42414308117.00,95351,1552
Luxembourg,2007,42200,17.25617904,33.18,0.888,50888134410.00,112581,1566
Luxembourg,2008,11706,9.340292938,42.71,0.89,55849686539.00,121315,1567
Luxembourg,2009,12114,10.2299828,24.76,0.883,51370543206.00,109483,1517
Luxembourg,2010,12469,11.29756747,56.14,0.889,53212476812.00,111328,1517
Luxembourg,2011,12991,11.24933015,30.79,0.892,60004630234.00,122729,1515
Luxembourg,2012,13581,10.17874678,51.54,0.892,56677961787.00,113120,1508
Luxembourg,2013,14046,7.802000823,21.36,0.892,61739352212.00,120423,1503
Luxembourg,2014,52295,12.76336343,34.42,0.895,66327344189.00,126352,1508
Luxembourg,2015,54325,11.90148545,29.45,0.899,57784495265.00,107456,1521
Mexico,2000,801173,3.853066476,13.11,0.702,707906744575.00,7892,2311.2
Mexico,2001,836476,4.129476031,19.25,0.705,756706300590.00,8311,2285.2
Mexico,2002,869659,4.140947372,14.26,0.71,772106378935.00,8357,2271.2
Mexico,2003,901495,4.340923133,16.75,0.717,729336319677.00,7779,2276.5
Mexico,2004,932624,4.260814453,15.01,0.724,782240601985.00,8217,2270.6
Mexico,2005,963447,4.418484076,15.98,0.728,877476221382.00,9071,2289.6
Mexico,2006,1009855,4.295775235,13.76,0.736,975387131716.00,9906,2277.8
Mexico,2007,1055853,4.272426377,12.88,0.739,1052696282279.00,10496,2259.8
Mexico,2008,1101082,4.543381942,13.17,0.742,1109989038339.00,10864,2263.7
Mexico,2009,1144924,4.827749307,14.24,0.743,900045362045.00,8651,2254.5
Mexico,2010,1187437,4.588392438,13.9,0.743,1057801282051.00,9991,2253.5
Mexico,2011,1236980,5.162783742,12.61,0.751,1180489563964.00,10965,2247.5
Mexico,2012,1283320,4.9200519,13.25,0.757,1201090018604.00,10982,2238.6
Mexico,2013,1328764,5.143344127,12.12,0.756,1274443078609.00,11478,2244.2
Mexico,2014,1376264,5.482170615,12.86,0.761,1314385330073.00,11663,2242.2
Mexico,2015,10243158,5.451307581,11.67,0.767,1169622672463.00,10228,2248.3
Netherlands,2000,335400,10.05140547,28.32,0.876,412807259996.00,27644,1462
Netherlands,2001,342815,9.801615697,27.71,0.879,426573601790.00,28366,1452
Netherlands,2002,350179,10.37651687,25.7,0.878,465368906456.00,30757,1435
Netherlands,2003,357715,9.879371038,21.81,0.883,571863431151.00,37614,1427
Netherlands,2004,366987,9.917553946,22.62,0.886,650532654582.00,42614,1448
Netherlands,2005,377913,10.27375242,21.17,0.891,678533764457.00,44289,1434
Netherlands,2006,389546,9.922767037,24.39,0.897,726649102998.00,47281,1430
Netherlands,2007,401873,8.777727961,18.91,0.904,839419655078.00,54418,1430
Netherlands,2008,414420,9.279702286,20.75,0.906,936228211513.00,60375,1430
Netherlands,2009,427097,9.806324451,22.48,0.906,857932759100.00,54988,1422
Netherlands,2010,2479310,10.22215405,20.01,0.91,836389937229.00,53302,1421
Netherlands,2011,2459735,10.46147003,20.49,0.921,893757287202.00,56667,1422
Netherlands,2012,2436155,11.08620643,21.84,0.921,828946812397.00,52334,1413
Netherlands,2013,2410644,11.67331719,23.02,0.923,866680000367.00,54510,1418
Netherlands,2014,2410644,11.56639564,23.35,0.924,879635084125.00,55325,1429
Netherlands,2015,523197,11.66444608,24.66,0.926,757999453314.00,47206,1424
New Zealand,2000,270430,12.81588498,38.83,0.869,52622842840.00,14725,1836
New Zealand,2001,264130,14.11467899,34.83,0.873,53872425917.00,14968,1825
New Zealand,2002,263160,12.7623873,31.16,0.881,66627729311.00,18208,1826
New Zealand,2003,86840,13.91637306,31.09,0.884,88250885550.00,23663,1823
New Zealand,2004,89210,13.01771724,31.39,0.886,103904537815.00,27325,1830
New Zealand,2005,264490,13.35314656,32.52,0.888,114718721397.00,29803,1815
New Zealand,2006,305250,13.51767301,31.12,0.891,111608845081.00,28628,1795
New Zealand,2007,262570,12.55256705,30.47,0.894,137316087308.00,34892,1774
New Zealand,2008,263560,13.10335269,26.56,0.894,133279679483.00,33585,1761
New Zealand,2009,320230,12.76814348,29.35,0.898,121338622025.00,30259,1740
New Zealand,2010,591000,13.21671717,26.23,0.899,146583831538.00,36145,1755
New Zealand,2011,330920,12.0524342,29.01,0.902,168461998741.00,41184,1746
New Zealand,2012,331070,13.32242949,32.32,0.905,176192886551.00,42756,1734
New Zealand,2013,583390,12.42199929,24,0.907,190785204764.00,46198,1752
Norway,2000,276727,12.97886556,25.3,0.917,171315639983.00,41099,1455
Norway,2001,130190,13.02459276,29.96,0.916,174003247439.00,41281,1429
Norway,2002,130772,11.64081534,27.53,0.918,195418347153.00,46049,1414
Norway,2003,328978,11.74784537,21.28,0.924,228752436372.00,53533,1400.7
Norway,2004,132357,12.29672056,21.91,0.934,264357494659.00,61450,1420.5
Norway,2005,316562,12.29501012,23.06,0.932,308722079938.00,71215,1422.8
Norway,2006,134769,12.16805734,25.23,0.936,345424664369.00,79007,1419.8
Norway,2007,135701,10.97938615,22.84,0.938,401082621083.00,90797,1426
Norway,2008,136042,11.29226185,21.32,0.938,462554432624.00,103431,1429.5
Norway,2009,136204,12.65589053,26.43,0.938,386622457580.00,85394,1406.8
Norway,2010,136494,11.9575333,22.71,0.942,429130952709.00,93638,1415.3
Norway,2011,137152,12.87877156,26.25,0.943,498831558926.00,107430,1421.1
Norway,2012,138390,10.94211621,23.85,0.942,510229136227.00,108408,1419.7
Norway,2013,140291,11.62009017,22.1,0.946,523502127660.00,109804,1408.1
Norway,2014,143089,11.3523885,23.06,0.946,499338534779.00,103443,1426.9
Norway,2015,544268,12.0829612,21.86,0.948,386663139403.00,79187,1423.9
Poland,2000,5564703,16.12051043,42.14,0.785,171885598583.00,4744,1863
Poland,2001,5582959,16.13152524,43.53,0.791,190521263343.00,5249,1865
Poland,2002,5556985,16.30098446,42.42,0.799,198680637255.00,5466,1860
Poland,2003,5516698,16.05335347,42.54,0.804,217513049292.00,5983,1865
Poland,2004,5468902,16.69434577,42.95,0.802,255102252843.00,7014,1866
Poland,2005,5417528,16.62021758,43.34,0.808,306125173853.00,8417,1861
Poland,2006,5362507,15.97051543,41.21,0.814,344748646558.00,9485,1862
Poland,2007,5310215,14.55212703,35.12,0.819,429063549984.00,11816,1859
Poland,2008,5265522,15.66898845,39.07,0.824,533815789474.00,14721,1852
Poland,2009,5232406,17.88070596,44.78,0.828,439796160379.00,12141,1838
Poland,2010,3547737,17.64471211,45.69,0.835,479321460551.00,13304,1834
Poland,2011,3655347,16.9766712,43.2,0.839,528832185770.00,14686,1829
Poland,2012,3762189,17.68228456,45.4,0.836,500360816828.00,13894,1824
Poland,2013,3866967,17.2608617,45.38,0.85,524234322597.00,14552,1821
Poland,2014,3963821,16.45607567,40.52,0.842,545179584720.00,15119,1827
Poland,2015,4043381,15.0194359,37.69,0.855,477355617456.00,13228,1834
Portugal,2000,260379,5.379829847,40.33,0.785,118358489958.00,12152,1760
Portugal,2001,270471,7.75775735,48.8,0.79,121545880984.00,12391,1745
Portugal,2002,277989,12.27201437,67.63,0.792,134228697534.00,13614,1739
Portugal,2003,284603,11.68265739,69.22,0.796,164964195260.00,16671,1733
Portugal,2007,321263,10.19417607,62.88,0.797,240169336162.00,24003,1745
Portugal,2008,331536,10.34829283,59.72,0.8,262007590450.00,26121,1733
Portugal,2009,341119,10.19908819,59.22,0.803,243745748819.00,24254,1733
Portugal,2010,352383,10.91726048,66.12,0.81,238303443425.00,23673,1735
Portugal,2011,364718,10.10651592,51.82,0.814,244895101712.00,24337,1714
Portugal,2012,374103,10.72846261,59.61,0.817,216368178659.00,21573,1698
Portugal,2013,381802,10.53572562,53.17,0.822,226073492966.00,22641,1707
Portugal,2014,389841,12.2882823,62.59,0.826,229629822122.00,23091,1714
Republic of Korea,2000,346040,14.55555974,81.49,0.817,561633125840.00,12686,
Republic of Korea,2001,359104,15.45709304,91.34,0.824,533052076314.00,11922,
Republic of Korea,2002,374816,19.08887647,130.46,0.832,609020054512.00,13501,
Republic of Korea,2003,394465,23.97489188,170.86,0.839,680520724062.00,14971,
Republic of Korea,2004,417832,25.10268137,172.8,0.847,764880644711.00,16708,
Republic of Korea,2005,442349,26.02493974,176.33,0.855,898137194716.00,19460,
Republic of Korea,2006,466922,22.90279968,154.63,0.862,1011797457139.00,21753,
Republic of Korea,2007,497517,26.00492624,172.86,0.869,1122679154632.00,23982,
Republic of Korea,2008,534462,27.29835053,154.92,0.874,1002219052968.00,21278,2209
Republic of Korea,2009,578635,32.50737542,173.86,0.869,901934953365.00,19036,2160
Republic of Korea,2010,631853,32.685825,182.32,0.884,1094499338703.00,22994,2146
Republic of Korea,2011,688365,33.27753116,185.37,0.888,1202463682634.00,25157,2119
Republic of Korea,2012,745816,29.48502618,152.45,0.89,1222807284485.00,25464,2103
Republic of Korea,2013,806960,29.89954615,147.59,0.893,1305604981272.00,27060,2093
Republic of Korea,2014,875829,28.54377025,124.45,0.896,1411333926201.00,29120,2067
Republic of Korea,2015,944284,27.75737352,140.74,0.898,1382764027114.00,28410,2084
Russian Federation,2000,21378098,40.96719748,98.53,0.72,259708496267.00,1879,1982
Russian Federation,2001,21476420,41.41752109,99,0.727,306602673980.00,2229,1980
Russian Federation,2002,21320535,40.28379636,94.36,0.732,345110438692.00,2527,1982
Russian Federation,2003,1648684,37.54564995,90.8,0.74,430347770732.00,3141,1993
Russian Federation,2004,1776778,35.81775112,88.93,0.746,591016690743.00,4312,1993
Russian Federation,2005,1885942,33.63782535,84.79,0.752,764017107992.00,5611,1989
Russian Federation,2006,1966649,31.48256429,86.49,0.759,989930542279.00,7313,1998
Russian Federation,2007,2015773,30.53072882,82.35,0.767,1299705247686.00,9643,1999
Russian Federation,2008,2029226,28.43377621,84.37,0.774,1660844408500.00,12359,1997
Russian Federation,2009,2012787,27.89863087,76.21,0.771,1222643696992.00,9118,1974
Russian Federation,2010,2023458,24.73270002,74.43,0.78,1524916112079.00,11307,1976
Russian Federation,2011,2093449,23.03447154,70.94,0.789,2051661732060.00,15226,1979
Russian Federation,2012,2211989,22.01182545,67.18,0.798,2210256976945.00,16413,1982
Russian Federation,2013,2349484,21.29697588,65.93,0.804,2297128039058.00,17052,1980
Russian Federation,2014,2349484,19.70174406,67.97,0.807,2063662665172.00,15319,1985
Russian Federation,2015,2608590,18.56093723,58.23,0.813,1368400705491.00,9987,1978
Slovakia,2000,82153,14.26108506,42.6,0.764,29114875622.00,5696,1816
Slovakia,2001,81427,13.56794639,42.98,0.764,30703017450.00,6020,1801
Slovakia,2002,83551,14.03794827,61.04,0.771,35083608131.00,6869,1754
Slovakia,2003,769641,14.7243381,44.7,0.777,46731767494.00,9138,1698
Slovakia,2004,769488,13.20000547,36.78,0.785,57240535138.00,11177,1742
Slovakia,2005,88406,13.24375174,45.25,0.794,62697540107.00,12229,1769
Slovakia,2006,415422,0,0,0.803,70596729394.00,13763,1774
Slovakia,2007,408500,0,0,0.814,86304245825.00,16815,1791
Slovakia,2008,441896,11.50461927,29.87,0.822,100324627215.00,19530,1793
Slovakia,2009,93229,11.68864105,37.54,0.824,88945625174.00,17299,1780
Slovakia,2010,94140,12.25823021,35.05,0.829,89501012916.00,17387,1805
Slovakia,2012,96276,11.15905226,34.28,0.837,93413992956.00,18256,1789
Slovakia,2013,97542,12.02606141,39.98,0.842,98478349315.00,19226,1772
Slovakia,2014,99184,10.79988132,41.34,0.845,100948236941.00,19679,1760
Slovenia,2000,29760,31.16911205,120.97,0.825,20342201356.00,10783,1710.1
Slovenia,2001,31096,30.55755708,144.71,0.835,20875387068.00,10979,1695.9
Slovenia,2002,32799,28.3297414,106.71,0.843,23563576758.00,12362,1720.5
Slovenia,2003,34740,29.46127284,115.14,0.85,29697448108.00,15568,1723.8
Slovenia,2004,184906,26.83632254,64.36,0.857,34470227454.00,18067,1736.6
Slovenia,2005,39044,26.31004955,110.13,0.861,36346974008.00,19012,1696.6
Slovenia,2006,41789,27.57261919,114.86,0.869,39587732029.00,20634,1667.5
Slovenia,2007,44241,22.51817538,101.72,0.873,48114688201.00,24964,1654.9
Slovenia,2008,46547,20.99026731,88.08,0.878,55589849128.00,28599,1673.7
Slovenia,2009,48622,23.01706919,78.15,0.878,50244793832.00,25872,1678.8
Slovenia,2010,50887,21.28782059,96.29,0.882,48013606745.00,24689,1680.1
Slovenia,2011,53258,22.37008764,105.15,0.884,51290792018.00,26377,1663.2
Slovenia,2012,55583,22.61062247,107.95,0.877,46352802766.00,23820,1644.6
Slovenia,2013,57600,22.89203378,98.96,0.885,48116256926.00,24697,1662.4
Slovenia,2014,59850,19.87922856,85.21,0.887,49904928335.00,25569,1681.9
Slovenia,2015,62345,21.5897417,99.45,0.889,43072415017.00,22036,1687.9
Spain,2000,1085540,8.856994661,44.95,0.825,595402616547.00,15538,1752.8
Spain,2001,1126029,8.237435702,41.03,0.828,625975838926.00,16169,1762.5
Spain,2002,1171341,8.571295448,42.52,0.83,705145868624.00,17924,1764.6
Spain,2003,1219166,8.706414981,42.9,0.833,906853273138.00,22701,1755.9
Spain,2004,1269270,8.649805972,39.24,0.837,1069555500372.00,26372,1741.5
Spain,2005,1321048,8.250905397,38.45,0.844,1157276458152.00,28092,1725.6
Spain,2006,1374287,7.766298655,35.73,0.848,1264551499185.00,30246,1715.7
Spain,2007,1424885,7.671457246,37.62,0.853,1479341637011.00,34769,1703.5
Spain,2008,1470360,8.002410399,32.92,0.856,1635015380108.00,37848,1712.6
Spain,2009,1514292,7.884555574,34.14,0.858,1499099749931.00,34470,1719.7
Spain,2010,1554056,7.24389084,31.4,0.865,1431616749640.00,32839,1710.4
Spain,2011,1587724,7.286463485,32.37,0.87,1488067258325.00,34097,1715.5
Spain,2012,1655129,7.985313882,34.5,0.873,1336018949806.00,30146,1701.2
Spain,2013,1676659,8.756970332,31.61,0.875,1361854206549.00,30792,1693.5
Spain,2014,1677547,8.853870634,34.99,0.88,1376910811041.00,31171,1694.6
Spain,2015,1693221,8.156332174,33.84,0.885,1197789902774.00,27108,1699.5
Sweden,2000,303198,13.44986234,42.22,0.897,259802012617.00,30896,1500
Sweden,2001,305543,14.18361225,42.22,0.9,239917320967.00,28429,1478
Sweden,2002,306832,13.93838854,36.5,0.902,263926220333.00,31175,1457
Sweden,2003,307923,13.0969306,34.1,0.908,331108912605.00,38997,1445
Sweden,2004,309512,13.56539118,35.22,0.896,381705425302.00,44831,1467
Sweden,2005,311063,14.27630494,37.61,0.899,389042298377.00,45563,1466
Sweden,2006,312567,13.95748436,36.47,0.902,420032121656.00,48977,1461
Sweden,2007,314248,13.0487803,32.46,0.905,487816328342.00,56531,1472
Sweden,2008,315606,13.46606965,34.22,0.901,513965650650.00,59155,1477
Sweden,2009,316812,14.18468552,34.41,0.899,429657033108.00,49070,1470
Sweden,2010,318979,12.93192605,31.66,0.905,488377689565.00,55352,1494
Sweden,2011,322530,12.515977,26.66,0.906,563109663291.00,63380,1491
Sweden,2012,327050,12.89542669,33.33,0.908,543880647757.00,60776,1478
Sweden,2013,333073,13.6301968,33.03,0.912,578742001488.00,64133,1470
Sweden,2014,341315,12.59528199,34.87,0.92,573817719109.00,62956,1470
Sweden,2015,341315,12.96831299,33.69,0.929,497918109302.00,54629,1471
Switzerland,2000,184589,20.26554026,82.35,0.889,272055499941.00,39952,1713
Switzerland,2001,188628,19.48777732,84.82,0.891,278631271391.00,40582,1673
Switzerland,2002,197218,20.82970206,82.65,0.891,301416810214.00,43419,1651
Switzerland,2003,198955,18.20844668,74.39,0.896,352914820747.00,50639,1665
Switzerland,2004,203675,18.282353,78.56,0.901,394163688621.00,56123,1695
Switzerland,2005,209040,18.36823605,84.67,0.905,408689353999.00,57790,1690
Switzerland,2006,214630,18.3887649,75.94,0.912,430921192375.00,60536,1679
Switzerland,2007,220706,18.93202498,86.54,0.915,479913034322.00,66807,1669
Switzerland,2008,226861,18.06216602,77.14,0.917,554363487120.00,76202,1659
Switzerland,2009,233232,15.00429489,53.17,0.927,541506500414.00,73529,1651
Switzerland,2010,239990,13.5230558,47.5,0.932,583782977866.00,78474,1624
Switzerland,2011,243790,13.75358471,51.27,0.932,699579638638.00,93053,1619
Switzerland,2012,250132,13.66582271,51.57,0.935,668043614123.00,87951,1603
Switzerland,2013,256661,13.94291969,56.88,0.938,688504173431.00,89634,1583
Switzerland,2014,267638,13.21446969,53.8,0.939,709182559935.00,90809,1575
Switzerland,2015,275569,13.59518186,51.89,0.942,679289166858.00,86068,1589
Turkey,2009,806623,1.591815485,4.09,0.718,644639902581.00,9773,1881
Turkey,2010,841083,2.275471473,7.49,0.734,771901768698.00,11525,1877
Turkey,2011,860492,1.687382744,5.23,0.753,832523681194.00,12237,1864
Turkey,2012,886919,2.102167089,6.54,0.76,873982246102.00,12671,1855
Turkey,2013,915690,2.590141504,8.3,0.771,950579413279.00,13603,1832
United Kingdom,2000,4536556,7.642439439,16.93,0.867,1647951278560.00,29358,1700
United Kingdom,2001,4243590,7.428202188,17.04,0.871,1621510004318.00,29179,1705
United Kingdom,2002,8250038,6.506433608,16.36,0.874,1768408273381.00,31630,1684
United Kingdom,2003,4023648,7.083629249,15.83,0.878,2038395102041.00,36289,1674
United Kingdom,2004,8324962,7.409439704,17.08,0.886,2398555474185.00,42486,1674
United Kingdom,2005,8397155,7.123868208,16.18,0.891,2520701818182.00,44372,1673
United Kingdom,2006,8462315,7.220035883,17.22,0.889,2692612695492.00,47163,1669
United Kingdom,2007,8519029,6.791238699,15.64,0.892,3074359743898.00,53576,1677
United Kingdom,2008,8559778,7.383410249,16.83,0.896,2890564338235.00,50111,1659
United Kingdom,2009,8582671,7.318978655,17.97,0.899,2382825985356.00,41074,1651
United Kingdom,2010,8592781,7.170799559,16.8,0.905,2441173394730.00,41798,1650
United Kingdom,2011,8617712,7.460702833,18.69,0.899,2619700404733.00,44491,1634
United Kingdom,2012,8673006,7.442810193,18.3,0.898,2662085168499.00,44585,1654
United Kingdom,2013,8656572,8.027718527,20.13,0.915,2739818680930.00,45594,1666
United Kingdom,2014,8665195,7.904840513,19.53,0.919,3022827781881.00,49906,1677
United Kingdom,2015,8692440,8.038250679,18.17,0.918,2885570309161.00,47240,1674
United States,2000,6106351,11.1891079,42.4,0.885,10284779000000.00,39218,1834
United States,2001,6285825,11.53120709,40.55,0.887,10621824000000.00,40018,1812
United States,2002,6470864,11.77446492,40.83,0.889,10977514000000.00,40845,1807
United States,2003,6599131,11.61335029,37.87,0.893,11510670000000.00,42468,1797
United States,2004,6726102,11.85302645,37.11,0.895,12274928000000.00,44867,1799
United States,2005,6883241,11.81753372,37.92,0.898,13093726000000.00,47423,1795
United States,2006,6986609,11.93343566,35.7,0.901,13855888000000.00,49666,1798
United States,2007,7056824,12.32671982,36.36,0.905,14477635000000.00,51585,1796
United States,2008,7072366,12.76050642,35.79,0.91,14718582000000.00,52128,1789
United States,2009,7168575,12.93998301,35.6,0.91,14418739000000.00,50563,1763
United States,2010,7263596,13.32758248,36.03,0.914,14964372000000.00,51989,1774
United States,2011,7448796,13.60872153,36.53,0.917,15517926000000.00,53452,1782
United States,2012,7633574,13.86346964,37.37,0.918,16155255000000.00,55170,1785
United States,2013,7816638,13.93153233,38.25,0.916,16691517000000.00,56520,1783
United States,2014,7994948,14.3640766,38.85,0.918,17427609000000.00,58531,1786
United States,2015,8171136,14.72581287,38.81,0.92,18120714000000.00,60387,1786
